Año,Trimestre,Provincia,Accesos por cada 100 hogares,ADSL,Cablemodem,Fibra óptica,Wireless,Otros,Ingresos (miles de pesos),Periodo
2022,1,Buenos Aires,76.08,392.045,2.728.865,1.242.121,125.521,66.872,51432896,Ene-Mar 2022
2022,1,Capital Federal,111.8,102.290,1.217.225,62.308,5.784,29.934,51432896,Ene-Mar 2022
2022,1,Catamarca,58.21,14.181,15.517,29.118,1.328,2.234,51432896,Ene-Mar 2022
2022,1,Chaco,44.06,32.391,64.546,36.662,8.164,2.356,51432896,Ene-Mar 2022
2022,1,Chubut,88.05,44.133,66.667,9.184,30.592,21.052,51432896,Ene-Mar 2022
2022,1,Córdoba,85.76,195.610,501.799,235.838,60.843,9.713,51432896,Ene-Mar 2022
2022,1,Corrientes,47.64,40.462,79.093,10.875,6.774,5.374,51432896,Ene-Mar 2022
2022,1,Entre Ríos,63.7,67.159,138.986,23.091,26.098,12.592,51432896,Ene-Mar 2022
2022,1,Formosa,34.96,16.397,15.927,5.146,16.876,202.0,51432896,Ene-Mar 2022
2022,1,Jujuy,58.06,21.307,60.616,25.949,4.662,3.975,51432896,Ene-Mar 2022
2022,1,La Pampa,91.66,8.003,58.978,21.739,19.903,1.109,51432896,Ene-Mar 2022
2022,1,La Rioja,78.77,9.103,59.228,9.546,6.395,31.0,51432896,Ene-Mar 2022
2022,1,Mendoza,48.74,49.464,74.145,123.228,26.969,1.379,51432896,Ene-Mar 2022
2022,1,Misiones,49.04,39.147,91.752,25.178,7.807,7.624,51432896,Ene-Mar 2022
2022,1,Neuquén,74.17,28.443,73.200,24.193,23.098,745.0,51432896,Ene-Mar 2022
2022,1,Río Negro,67.04,38.662,45.366,38.037,16.815,18.494,51432896,Ene-Mar 2022
2022,1,Salta,56.11,44.714,98.667,40.994,5.950,7.19,51432896,Ene-Mar 2022
2022,1,San Juan,43.55,34.038,14.449,11.294,20.723,7.674,51432896,Ene-Mar 2022
2022,1,San Luis,80.72,7.987,11.296,31,71.809,28.721,51432896,Ene-Mar 2022
2022,1,Santa Cruz,43.34,10.537,23.420,10.766,3.974,405.0,51432896,Ene-Mar 2022
2022,1,Santa Fe,77.3,213.486,444.609,146.552,45.261,20.571,51432896,Ene-Mar 2022
2022,1,Santiago Del Estero,47.17,18.118,87.979,1.093,6.349,2.922,51432896,Ene-Mar 2022
2022,1,Tierra Del Fuego,98.29,13.031,38.700,416,124,340.0,51432896,Ene-Mar 2022
2022,1,Tucumán,57.39,92.532,62.396,86.174,3.995,487.0,51432896,Ene-Mar 2022
2021,4,Buenos Aires,75.66,426.325,2.706.506,1.176.024,126.887,73.415,45467887,Oct-Dic 2021
2021,4,Capital Federal,111.27,111.360,1.205.128,60.005,5.679,29.947,45467887,Oct-Dic 2021
2021,4,Catamarca,55.25,16.385,13.858,25.100,1.512,2.235,45467887,Oct-Dic 2021
2021,4,Chaco,44.05,35.548,63.145,34.688,8.005,2.359,45467887,Oct-Dic 2021
2021,4,Chubut,82.57,46.361,57.412,9.655,28.041,18.839,45467887,Oct-Dic 2021
2021,4,Córdoba,84.51,212.011,487.489,217.214,61.277,8.779,45467887,Oct-Dic 2021
2021,4,Corrientes,45.51,42.523,71.183,10.138,6.778,5.29,45467887,Oct-Dic 2021
2021,4,Entre Ríos,63.16,70.459,133.387,23.452,25.022,12.726,45467887,Oct-Dic 2021
2021,4,Formosa,34.45,17.211,15.111,5.151,16.018,172.0,45467887,Oct-Dic 2021
2021,4,Jujuy,56.92,22.330,60.511,24.156,2.927,3.991,45467887,Oct-Dic 2021
2021,4,La Pampa,89.57,8.175,58.000,20.192,19.286,1.354,45467887,Oct-Dic 2021
2021,4,La Rioja,77.92,10.387,56.651,9.446,6.613,31.0,45467887,Oct-Dic 2021
2021,4,Mendoza,47.51,59.842,71.553,109.667,24.666,1.859,45467887,Oct-Dic 2021
2021,4,Misiones,49.06,41.778,92.068,22.035,7.649,7.602,45467887,Oct-Dic 2021
2021,4,Neuquén,73.3,29.175,72.761,23.253,21.531,746.0,45467887,Oct-Dic 2021
2021,4,Río Negro,65.69,42.037,44.495,32.212,16.558,18.451,45467887,Oct-Dic 2021
2021,4,Salta,56.81,46.972,99.808,39.555,5.882,7.188,45467887,Oct-Dic 2021
2021,4,San Juan,39.59,35.868,13.102,11.072,11.423,8.493,45467887,Oct-Dic 2021
2021,4,San Luis,80.3,8.472,11.064,30,70.560,28.723,45467887,Oct-Dic 2021
2021,4,Santa Cruz,43.05,10.790,22.902,10.031,4.346,417.0,45467887,Oct-Dic 2021
2021,4,Santa Fe,77.09,233.427,444.373,128.856,43.556,16.229,45467887,Oct-Dic 2021
2021,4,Santiago Del Estero,47.05,19.032,86.563,1.088,6.256,2.922,45467887,Oct-Dic 2021
2021,4,Tierra Del Fuego,98.4,13.317,38.148,426,124,342.0,45467887,Oct-Dic 2021
2021,4,Tucumán,55.93,97.830,59.022,78.790,2.511,486.0,45467887,Oct-Dic 2021
2021,3,Buenos Aires,71.68,585.729,2.595.485,885.613,120.228,64.554,42999944,Jul-Sept 2021
2021,3,Capital Federal,111.27,142.902,1.192.107,42.966,6.059,29.371,42999944,Jul-Sept 2021
2021,3,Catamarca,52.71,18.413,11.709,22.331,1.568,2.233,42999944,Jul-Sept 2021
2021,3,Chaco,42.96,38.258,63.659,27.583,8.018,2.353,42999944,Jul-Sept 2021
2021,3,Chubut,80.71,49.269,55.794,8.946,23.376,18.681,42999944,Jul-Sept 2021
2021,3,Córdoba,81.28,229.275,477.223,167.495,57.617,15.178,42999944,Jul-Sept 2021
2021,3,Corrientes,44.9,44.805,69.403,7.542,6.766,5.303,42999944,Jul-Sept 2021
2021,3,Entre Ríos,62.18,74.443,128.752,20.485,23.500,13.195,42999944,Jul-Sept 2021
2021,3,Formosa,33.96,18.093,14.111,4.730,15.690,171.0,42999944,Jul-Sept 2021
2021,3,Jujuy,55.69,23.554,60.758,19.926,2.952,3.968,42999944,Jul-Sept 2021
2021,3,La Pampa,84.28,9.015,57.881,17.817,14.479,1.295,42999944,Jul-Sept 2021
2021,3,La Rioja,77.26,11.329,54.744,9.444,6.613,30.0,42999944,Jul-Sept 2021
2021,3,Mendoza,45.55,91.474,71.247,70.579,21.811,828.0,42999944,Jul-Sept 2021
2021,3,Misiones,45.57,43.230,89.469,10.969,7.198,7.662,42999944,Jul-Sept 2021
2021,3,Neuquén,69.71,29.650,73.794,16.455,19.270,640.0,42999944,Jul-Sept 2021
2021,3,Río Negro,61.97,47.934,44.519,18.725,15.031,18.376,42999944,Jul-Sept 2021
2021,3,Salta,55.96,49.212,98.318,36.126,5.724,6.453,42999944,Jul-Sept 2021
2021,3,San Juan,39.46,40.072,12.922,6.670,11.372,8.447,42999944,Jul-Sept 2021
2021,3,San Luis,79.87,8.417,11.884,27,68.856,28.68,42999944,Jul-Sept 2021
2021,3,Santa Cruz,43.75,12.347,22.961,6.328,4.269,3.071,42999944,Jul-Sept 2021
2021,3,Santa Fe,75.02,245.929,443.156,93.412,43.447,15.64,42999944,Jul-Sept 2021
2021,3,Santiago Del Estero,47.0,19.939,85.535,909,6.147,2.928,42999944,Jul-Sept 2021
2021,3,Tierra Del Fuego,94.95,12.853,36.958,6,16,390.0,42999944,Jul-Sept 2021
2021,3,Tucumán,54.64,104.489,53.868,70.964,2.408,743.0,42999944,Jul-Sept 2021
2021,2,Buenos Aires,70.0,603.255,2.503.830,854.173,113.546,57.547,38239667,Abr-Jun 2021
2021,2,Capital Federal,110.14,148.989,1.175.097,41.318,5.580,29.371,38239667,Abr-Jun 2021
2021,2,Catamarca,52.34,20.305,9.426,22.331,1.449,2.233,38239667,Abr-Jun 2021
2021,2,Chaco,43.33,39.826,62.948,27.584,8.018,2.353,38239667,Abr-Jun 2021
2021,2,Chubut,72.29,49.271,41.497,6.081,23.682,18.706,38239667,Abr-Jun 2021
2021,2,Córdoba,80.12,239.780,467.782,151.855,55.944,15.519,38239667,Abr-Jun 2021
2021,2,Corrientes,43.54,46.648,67.262,3.731,6.557,5.303,38239667,Abr-Jun 2021
2021,2,Entre Ríos,61.66,77.836,124.957,17.856,23.786,13.197,38239667,Abr-Jun 2021
2021,2,Formosa,33.23,19.571,12.509,3.610,15.690,171.0,38239667,Abr-Jun 2021
2021,2,Jujuy,56.18,24.738,60.800,19.611,2.731,3.968,38239667,Abr-Jun 2021
2021,2,La Pampa,82.08,9.017,57.014,17.132,13.209,1.295,38239667,Abr-Jun 2021
2021,2,La Rioja,76.98,11.627,54.255,9.445,6.245,30.0,38239667,Abr-Jun 2021
2021,2,Mendoza,40.97,91.503,70.834,44.696,21.811,827.0,38239667,Abr-Jun 2021
2021,2,Misiones,45.01,44.960,87.861,10.376,5.317,7.662,38239667,Abr-Jun 2021
2021,2,Neuquén,69.14,30.083,72.690,15.619,19.218,640.0,38239667,Abr-Jun 2021
2021,2,Río Negro,61.94,48.189,43.761,18.727,15.031,18.376,38239667,Abr-Jun 2021
2021,2,Salta,54.93,51.396,96.016,32.050,5.724,6.453,38239667,Abr-Jun 2021
2021,2,San Juan,39.28,40.072,12.369,6.673,11.372,8.447,38239667,Abr-Jun 2021
2021,2,San Luis,83.48,8.417,11.308,28,66.860,36.205,38239667,Abr-Jun 2021
2021,2,Santa Cruz,44.01,12.347,22.967,6.328,4.269,3.071,38239667,Abr-Jun 2021
2021,2,Santa Fe,75.07,256.741,431.915,90.424,43.997,17.523,38239667,Abr-Jun 2021
2021,2,Santiago Del Estero,46.56,20.734,83.770,909,5.081,3.596,38239667,Abr-Jun 2021
2021,2,Tierra Del Fuego,67.89,12.853,22.504,6,14,316.0,38239667,Abr-Jun 2021
2021,2,Tucumán,54.93,110.429,48.359,71.683,1.837,743.0,38239667,Abr-Jun 2021
2021,1,Buenos Aires,69.11,629.679,2.452.056,821.597,98.806,57.864,36676371,Ene-Mar 2021
2021,1,Capital Federal,108.42,159.805,1.145.093,39.980,5.559,29.236,36676371,Ene-Mar 2021
2021,1,Catamarca,48.9,26.316,4.409,18.688,322,2.233,36676371,Ene-Mar 2021
2021,1,Chaco,43.14,43.214,61.251,25.426,8.004,1.875,36676371,Ene-Mar 2021
2021,1,Chubut,68.99,45.501,40.960,3.444,23.723,18.712,36676371,Ene-Mar 2021
2021,1,Córdoba,78.59,260.350,444.695,134.634,54.137,17.065,36676371,Ene-Mar 2021
2021,1,Corrientes,42.66,49.160,62.876,3.337,5.949,5.303,36676371,Ene-Mar 2021
2021,1,Entre Ríos,60.44,83.688,118.424,16.846,20.836,12.169,36676371,Ene-Mar 2021
2021,1,Formosa,32.73,20.663,11.412,2.562,15.669,380.0,36676371,Ene-Mar 2021
2021,1,Jujuy,55.63,32.254,54.324,17.322,2.677,3.879,36676371,Ene-Mar 2021
2021,1,La Pampa,81.78,8.946,58.711,15.779,12.369,1.3,36676371,Ene-Mar 2021
2021,1,La Rioja,49.81,17.363,34.984,1,250,30.0,36676371,Ene-Mar 2021
2021,1,Mendoza,39.15,91.844,69.295,38.619,18.332,833.0,36676371,Ene-Mar 2021
2021,1,Misiones,43.17,48.292,82.339,7.064,4.796,6.896,36676371,Ene-Mar 2021
2021,1,Neuquén,66.84,30.223,70.457,14.171,17.752,632.0,36676371,Ene-Mar 2021
2021,1,Río Negro,60.88,48.777,42.192,17.828,13.994,18.377,36676371,Ene-Mar 2021
2021,1,Salta,53.93,54.768,89.187,31.498,5.669,6.452,36676371,Ene-Mar 2021
2021,1,San Juan,39.06,40.072,11.589,6.671,11.482,8.453,36676371,Ene-Mar 2021
2021,1,San Luis,81.24,8.417,10.678,28,63.826,36.205,36676371,Ene-Mar 2021
2021,1,Santa Cruz,41.65,12.347,23.089,5.975,4.264,390.0,36676371,Ene-Mar 2021
2021,1,Santa Fe,73.92,277.012,421.480,70.976,39.140,17.519,36676371,Ene-Mar 2021
2021,1,Santiago Del Estero,45.67,26.468,75.849,570,5.158,3.596,36676371,Ene-Mar 2021
2021,1,Tierra Del Fuego,77.35,12.853,27.247,6,- 0,316.0,36676371,Ene-Mar 2021
2021,1,Tucumán,54.82,147.199,12.185,69.954,1.834,740.0,36676371,Ene-Mar 2021
2020,4,Buenos Aires,68.98,635.651,2.441.248,804.991,93.444,57.927,33539703,Oct-Dic 2020
2020,4,Capital Federal,108.31,163.060,1.142.528,39.890,4.815,29.237,33539703,Oct-Dic 2020
2020,4,Catamarca,49.41,26.870,5.115,17.856,322,2.233,33539703,Oct-Dic 2020
2020,4,Chaco,43.03,44.332,61.200,23.687,7.997,1.875,33539703,Oct-Dic 2020
2020,4,Chubut,68.35,45.703,39.756,3.040,23.363,18.712,33539703,Oct-Dic 2020
2020,4,Córdoba,78.08,267.396,439.322,125.620,52.827,17.536,33539703,Oct-Dic 2020
2020,4,Corrientes,42.43,50.102,61.495,3.146,5.626,5.29,33539703,Oct-Dic 2020
2020,4,Entre Ríos,59.47,85.683,113.670,15.653,20.206,12.169,33539703,Oct-Dic 2020
2020,4,Formosa,32.49,21.264,10.789,2.432,15.341,380.0,33539703,Oct-Dic 2020
2020,4,Jujuy,53.46,32.850,52.815,15.639,1.077,3.47,33539703,Oct-Dic 2020
2020,4,La Pampa,81.77,9.009,58.945,15.432,12.194,1.315,33539703,Oct-Dic 2020
2020,4,La Rioja,50.11,17.513,34.984,1,250,30.0,33539703,Oct-Dic 2020
2020,4,Mendoza,38.63,91.842,68.364,36.083,18.331,833.0,33539703,Oct-Dic 2020
2020,4,Misiones,42.64,49.462,79.855,6.589,4.359,6.896,33539703,Oct-Dic 2020
2020,4,Neuquén,67.0,30.468,70.614,13.732,17.689,632.0,33539703,Oct-Dic 2020
2020,4,Río Negro,61.09,48.991,42.022,17.826,13.994,18.377,33539703,Oct-Dic 2020
2020,4,Salta,54.04,56.659,87.817,30.604,5.858,6.452,33539703,Oct-Dic 2020
2020,4,San Juan,36.32,40.072,7.004,6.599,10.468,8.453,33539703,Oct-Dic 2020
2020,4,San Luis,81.68,8.417,11.767,27,63.019,36.205,33539703,Oct-Dic 2020
2020,4,Santa Cruz,37.0,12.347,19.657,1.041,4.659,2.97,33539703,Oct-Dic 2020
2020,4,Santa Fe,73.58,287.271,414.746,62.692,38.712,17.392,33539703,Oct-Dic 2020
2020,4,Santiago Del Estero,43.75,26.812,70.522,570,5.169,3.596,33539703,Oct-Dic 2020
2020,4,Tierra Del Fuego,76.27,12.853,26.439,6,- 0,316.0,33539703,Oct-Dic 2020
2020,4,Tucumán,54.78,149.322,11.150,68.043,1.834,740.0,33539703,Oct-Dic 2020
2020,3,Buenos Aires,67.66,653.930,2.384.557,749.087,94.162,55.541,31997445,Jul-Sept 2020
2020,3,Capital Federal,107.68,170.375,1.129.573,39.417,3.936,29.374,31997445,Jul-Sept 2020
2020,3,Catamarca,47.16,26.868,3.690,16.857,261,2.228,31997445,Jul-Sept 2020
2020,3,Chaco,41.54,45.745,58.825,20.675,6.706,2.003,31997445,Jul-Sept 2020
2020,3,Chubut,68.34,45.761,39.386,2.897,23.216,18.767,31997445,Jul-Sept 2020
2020,3,Córdoba,75.22,276.360,430.771,102.217,48.368,9.756,31997445,Jul-Sept 2020
2020,3,Corrientes,41.75,50.858,58.681,2.960,5.513,5.379,31997445,Jul-Sept 2020
2020,3,Entre Ríos,58.19,87.892,106.950,13.954,20.379,12.32,31997445,Jul-Sept 2020
2020,3,Formosa,31.91,21.790,10.003,2.000,15.023,393.0,31997445,Jul-Sept 2020
2020,3,Jujuy,54.04,32.611,57.682,11.112,952,4.371,31997445,Jul-Sept 2020
2020,3,La Pampa,79.26,9.015,56.845,14.677,11.893,1.305,31997445,Jul-Sept 2020
2020,3,La Rioja,50.12,17.346,34.984,1,250,35.0,31997445,Jul-Sept 2020
2020,3,Mendoza,37.35,91.908,64.672,32.817,17.523,868.0,31997445,Jul-Sept 2020
2020,3,Misiones,41.6,50.195,77.989,2.572,3.445,8.985,31997445,Jul-Sept 2020
2020,3,Neuquén,65.24,30.222,70.446,11.043,16.787,737.0,31997445,Jul-Sept 2020
2020,3,Río Negro,57.05,49.530,40.001,10.381,13.187,18.368,31997445,Jul-Sept 2020
2020,3,Salta,52.32,58.216,84.128,25.445,5.764,7.293,31997445,Jul-Sept 2020
2020,3,San Juan,38.79,40.092,9.223,5.509,14.023,8.48,31997445,Jul-Sept 2020
2020,3,San Luis,79.96,8.401,10.077,6,61.828,36.253,31997445,Jul-Sept 2020
2020,3,Santa Cruz,35.95,12.845,16.098,1.027,6.938,2.373,31997445,Jul-Sept 2020
2020,3,Santa Fe,72.12,295.051,405.807,45.721,37.112,19.307,31997445,Jul-Sept 2020
2020,3,Santiago Del Estero,43.38,26.419,70.720,555,4.185,3.613,31997445,Jul-Sept 2020
2020,3,Tierra Del Fuego,76.81,12.854,26.491,- 0,- 0,310.0,31997445,Jul-Sept 2020
2020,3,Tucumán,53.23,149.605,11.752,59.949,1.808,762.0,31997445,Jul-Sept 2020
2020,2,Buenos Aires,65.22,661.272,2.244.277,723.072,91.736,57.189,32102476,Abr-Jun 2020
2020,2,Capital Federal,106.41,178.896,1.106.133,39.482,3.937,29.373,32102476,Abr-Jun 2020
2020,2,Catamarca,45.43,26.968,3.641,14.878,261,2.228,32102476,Abr-Jun 2020
2020,2,Chaco,39.83,46.816,56.017,17.266,6.452,1.581,32102476,Abr-Jun 2020
2020,2,Chubut,57.34,45.761,38.279,1.324,17.678,5.614,32102476,Abr-Jun 2020
2020,2,Córdoba,72.71,282.858,415.007,85.818,44.522,8.263,32102476,Abr-Jun 2020
2020,2,Corrientes,40.3,51.248,55.536,3.144,3.927,5.011,32102476,Abr-Jun 2020
2020,2,Entre Ríos,56.54,89.391,99.423,13.954,20.042,11.303,32102476,Abr-Jun 2020
2020,2,Formosa,31.14,21.805,9.353,1.882,14.723,169.0,32102476,Abr-Jun 2020
2020,2,Jujuy,47.89,32.705,38.938,5.057,952,16.664,32102476,Abr-Jun 2020
2020,2,La Pampa,76.1,8.551,54.422,14.232,11.314,1.29,32102476,Abr-Jun 2020
2020,2,La Rioja,49.84,16.885,34.984,1,250,35.0,32102476,Abr-Jun 2020
2020,2,Mendoza,36.25,91.904,62.941,29.613,15.924,802.0,32102476,Abr-Jun 2020
2020,2,Misiones,40.89,50.792,74.497,2.579,3.319,9.153,32102476,Abr-Jun 2020
2020,2,Neuquén,63.9,30.256,67.990,11.037,15.755,1.134,32102476,Abr-Jun 2020
2020,2,Río Negro,56.37,49.756,39.650,10.382,11.331,18.367,32102476,Abr-Jun 2020
2020,2,Salta,51.58,59.502,81.740,24.289,5.123,7.108,32102476,Abr-Jun 2020
2020,2,San Juan,35.09,40.092,8.275,5.509,7.019,8.882,32102476,Abr-Jun 2020
2020,2,San Luis,78.41,8.401,8.357,6,60.935,36.253,32102476,Abr-Jun 2020
2020,2,Santa Cruz,35.79,12.845,16.044,1.027,6.585,2.368,32102476,Abr-Jun 2020
2020,2,Santa Fe,70.0,299.974,381.679,46.698,30.487,19.094,32102476,Abr-Jun 2020
2020,2,Santiago Del Estero,43.47,25.917,72.074,355,3.038,4.063,32102476,Abr-Jun 2020
2020,2,Tierra Del Fuego,76.37,12.854,26.025,- 0,- 0,310.0,32102476,Abr-Jun 2020
2020,2,Tucumán,51.78,150.084,9.833,55.120,1.357,762.0,32102476,Abr-Jun 2020
2020,1,Buenos Aires,64.33,673.237,2.210.349,720.688,85.443,18.334,29946216,Ene-Mar 2020
2020,1,Capital Federal,105.98,184.494,1.097.635,38.898,3.911,28.556,29946216,Ene-Mar 2020
2020,1,Catamarca,37.62,21.945,3.146,12.056,261,2.227,29946216,Ene-Mar 2020
2020,1,Chaco,37.48,46.356,54.144,11.958,6.239,1.58,29946216,Ene-Mar 2020
2020,1,Chubut,51.27,45.763,27.287,1.324,16.885,5.479,29946216,Ene-Mar 2020
2020,1,Córdoba,70.69,286.168,406.109,68.512,41.617,8.693,29946216,Ene-Mar 2020
2020,1,Corrientes,38.73,51.126,53.231,2.172,2.437,5.004,29946216,Ene-Mar 2020
2020,1,Entre Ríos,56.12,90.368,95.434,13.245,18.737,14.062,29946216,Ene-Mar 2020
2020,1,Formosa,30.23,21.068,8.887,1.800,14.510,169.0,29946216,Ene-Mar 2020
2020,1,Jujuy,46.67,32.066,38.938,3.078,942,16.641,29946216,Ene-Mar 2020
2020,1,La Pampa,75.77,8.553,53.755,13.821,11.295,1.802,29946216,Ene-Mar 2020
2020,1,La Rioja,46.35,13.076,34.984,- 0,251,29.0,29946216,Ene-Mar 2020
2020,1,Mendoza,33.14,91.955,50.251,28.059,12.465,722.0,29946216,Ene-Mar 2020
2020,1,Misiones,39.02,51.458,69.452,1.220,460,10.962,29946216,Ene-Mar 2020
2020,1,Neuquén,61.85,29.305,65.951,11.031,14.711,729.0,29946216,Ene-Mar 2020
2020,1,Río Negro,55.12,47.756,38.479,10.381,11.222,18.362,29946216,Ene-Mar 2020
2020,1,Salta,49.6,60.426,75.593,23.025,4.125,7.212,29946216,Ene-Mar 2020
2020,1,San Juan,32.39,40.092,6.448,5.508,7.082,5.101,29946216,Ene-Mar 2020
2020,1,San Luis,76.31,8.301,7.612,5,58.301,36.333,29946216,Ene-Mar 2020
2020,1,Santa Cruz,35.97,12.845,15.766,1.026,6.817,2.368,29946216,Ene-Mar 2020
2020,1,Santa Fe,69.52,302.366,383.673,35.123,30.488,19.468,29946216,Ene-Mar 2020
2020,1,Santiago Del Estero,42.47,24.695,70.424,200,2.779,4.657,29946216,Ene-Mar 2020
2020,1,Tierra Del Fuego,76.07,12.854,25.632,- 0,- 0,308.0,29946216,Ene-Mar 2020
2020,1,Tucumán,47.85,143.184,10.494,44.687,1.355,347.0,29946216,Ene-Mar 2020
2019,4,Buenos Aires,64.25,720.011,2.191.672,669.194,87.111,18.266,24169251,Oct-Dic 2019
2019,4,Capital Federal,106.25,196.938,1.093.143,35.534,3.914,28.576,24169251,Oct-Dic 2019
2019,4,Catamarca,36.44,22.999,3.318,9.506,261,2.227,24169251,Oct-Dic 2019
2019,4,Chaco,36.84,48.661,53.602,8.831,5.229,1.58,24169251,Oct-Dic 2019
2019,4,Chubut,51.15,47.045,26.977,1.324,15.267,5.489,24169251,Oct-Dic 2019
2019,4,Córdoba,70.48,296.872,410.038,53.335,37.750,8.693,24169251,Oct-Dic 2019
2019,4,Corrientes,38.77,52.525,51.845,2.002,2.458,5.004,24169251,Oct-Dic 2019
2019,4,Entre Ríos,57.99,92.981,99.206,12.875,18.561,15.407,24169251,Oct-Dic 2019
2019,4,Formosa,30.47,21.567,8.684,1.760,14.531,169.0,24169251,Oct-Dic 2019
2019,4,Jujuy,45.38,32.949,37.604,873,814,16.641,24169251,Oct-Dic 2019
2019,4,La Pampa,76.92,15.457,56.854,4.942,11.341,1.805,24169251,Oct-Dic 2019
2019,4,La Rioja,47.14,13.738,34.984,- 0,251,29.0,24169251,Oct-Dic 2019
2019,4,Mendoza,33.65,96.678,49.711,24.989,13.672,730.0,24169251,Oct-Dic 2019
2019,4,Misiones,39.79,53.116,69.676,847,441,11.733,24169251,Oct-Dic 2019
2019,4,Neuquén,59.36,29.826,60.970,10.549,14.246,854.0,24169251,Oct-Dic 2019
2019,4,Río Negro,55.71,49.747,37.933,9.658,11.437,18.365,24169251,Oct-Dic 2019
2019,4,Salta,50.35,63.272,76.062,21.865,3.040,8.206,24169251,Oct-Dic 2019
2019,4,San Juan,32.85,41.360,6.338,4.931,7.241,5.104,24169251,Oct-Dic 2019
2019,4,San Luis,74.92,8.569,8.027,6,55.266,36.333,24169251,Oct-Dic 2019
2019,4,Santa Cruz,36.71,13.264,15.899,1.036,6.800,2.371,24169251,Oct-Dic 2019
2019,4,Santa Fe,69.48,312.072,382.254,27.464,26.978,20.401,24169251,Oct-Dic 2019
2019,4,Santiago Del Estero,42.92,24.682,71.239,200,2.810,4.657,24169251,Oct-Dic 2019
2019,4,Tierra Del Fuego,79.7,13.261,26.821,- 0,- 0,310.0,24169251,Oct-Dic 2019
2019,4,Tucumán,47.65,146.985,11.012,39.574,725,348.0,24169251,Oct-Dic 2019
2019,3,Buenos Aires,69.36,1.277.249,2.144.956,425.386,85.572,27.07,21652748,Jul-Sept 2019
2019,3,Capital Federal,112.65,300.288,1.080.973,24.900,3.895,31.155,21652748,Jul-Sept 2019
2019,3,Catamarca,30.88,24.349,5.543,13,244,2.251,21652748,Jul-Sept 2019
2019,3,Chaco,35.85,50.416,49.156,8.063,5.224,1.592,21652748,Jul-Sept 2019
2019,3,Chubut,47.57,37.298,27.090,1.917,15.149,7.551,21652748,Jul-Sept 2019
2019,3,Córdoba,68.59,307.780,399.231,30.064,37.277,8.701,21652748,Jul-Sept 2019
2019,3,Corrientes,38.49,53.344,50.230,1.888,2.458,4.839,21652748,Jul-Sept 2019
2019,3,Entre Ríos,57.9,94.947,96.305,12.888,18.530,15.432,21652748,Jul-Sept 2019
2019,3,Formosa,30.11,21.777,8.359,1.476,14.292,162.0,21652748,Jul-Sept 2019
2019,3,Jujuy,44.32,33.110,35.742,274,812,16.638,21652748,Jul-Sept 2019
2019,3,La Pampa,77.45,19.469,52.941,4.994,11.462,1.962,21652748,Jul-Sept 2019
2019,3,La Rioja,47.94,14.390,34.984,11,251,41.0,21652748,Jul-Sept 2019
2019,3,Mendoza,40.74,148.640,54.312,6.865,12.975,1.545,21652748,Jul-Sept 2019
2019,3,Misiones,39.33,54.493,65.872,829,419,12.27,21652748,Jul-Sept 2019
2019,3,Neuquén,64.14,43.347,60.484,5.560,13.512,2.518,21652748,Jul-Sept 2019
2019,3,Río Negro,63.42,67.478,37.425,9.739,10.806,18.847,21652748,Jul-Sept 2019
2019,3,Salta,44.48,65.799,74.329,733,1.580,9.394,21652748,Jul-Sept 2019
2019,3,San Juan,37.06,51.670,7.425,1.227,7.241,5.535,21652748,Jul-Sept 2019
2019,3,San Luis,85.23,13.037,10.561,350,62.286,36.466,21652748,Jul-Sept 2019
2019,3,Santa Cruz,35.63,10.663,17.056,969,6.544,2.738,21652748,Jul-Sept 2019
2019,3,Santa Fe,68.87,319.396,377.171,18.690,24.269,21.408,21652748,Jul-Sept 2019
2019,3,Santiago Del Estero,55.3,24.556,71.198,219,2.759,34.4,21652748,Jul-Sept 2019
2019,3,Tierra Del Fuego,96.46,19.790,26.659,651,- 0,1.487,21652748,Jul-Sept 2019
2019,3,Tucumán,39.49,150.918,12.089,116,684,324.0,21652748,Jul-Sept 2019
2019,2,Buenos Aires,67.85,1.284.658,2.079.900,382.971,75.240,32.929,20743118,Abr-Jun 2019
2019,2,Capital Federal,110.55,309.937,1.061.358,36.082,3.962,4.281,20743118,Abr-Jun 2019
2019,2,Catamarca,32.13,25.682,5.543,13,146,2.251,20743118,Abr-Jun 2019
2019,2,Chaco,34.14,50.765,47.448,4.203,4.727,1.591,20743118,Abr-Jun 2019
2019,2,Chubut,46.99,37.313,26.338,1.917,14.443,7.545,20743118,Abr-Jun 2019
2019,2,Córdoba,68.07,314.768,388.254,23.023,33.847,15.236,20743118,Abr-Jun 2019
2019,2,Corrientes,38.16,53.835,47.431,1.701,2.444,6.138,20743118,Abr-Jun 2019
2019,2,Entre Ríos,57.48,97.081,91.081,12.764,17.369,17.529,20743118,Abr-Jun 2019
2019,2,Formosa,30.42,21.916,8.686,1.382,14.292,162.0,20743118,Abr-Jun 2019
2019,2,Jujuy,44.51,33.022,30.742,274,812,21.857,20743118,Abr-Jun 2019
2019,2,La Pampa,77.08,19.471,52.101,4.840,10.789,3.004,20743118,Abr-Jun 2019
2019,2,La Rioja,48.7,15.014,34.984,11,251,41.0,20743118,Abr-Jun 2019
2019,2,Mendoza,40.75,148.673,54.027,6.865,12.748,1.544,20743118,Abr-Jun 2019
2019,2,Misiones,39.15,55.373,64.272,543,421,12.269,20743118,Abr-Jun 2019
2019,2,Neuquén,63.08,43.420,59.021,4.983,12.792,2.737,20743118,Abr-Jun 2019
2019,2,Río Negro,61.09,67.841,36.527,4.037,10.485,19.657,20743118,Abr-Jun 2019
2019,2,Salta,41.89,68.827,62.343,725,1.210,9.463,20743118,Abr-Jun 2019
2019,2,San Juan,35.6,51.680,7.425,1.174,2.870,6.876,20743118,Abr-Jun 2019
2019,2,San Luis,81.79,11.130,10.298,347,57.242,38.368,20743118,Abr-Jun 2019
2019,2,Santa Cruz,28.85,10.665,10.257,379,6.514,2.735,20743118,Abr-Jun 2019
2019,2,Santa Fe,67.42,325.420,355.140,18.236,21.980,22.708,20743118,Abr-Jun 2019
2019,2,Santiago Del Estero,52.79,24.393,64.783,219,2.759,34.6,20743118,Abr-Jun 2019
2019,2,Tierra Del Fuego,94.8,19.790,25.527,651,- 0,1.486,20743118,Abr-Jun 2019
2019,2,Tucumán,40.14,153.121,12.089,116,684,321.0,20743118,Abr-Jun 2019
2019,1,Buenos Aires,66.24,1.304.507,2.020.730,336.362,64.867,20.201,20207414,Ene-Mar 2019
2019,1,Capital Federal,109.2,328.246,1.030.814,32.281,3.978,4.281,20207414,Ene-Mar 2019
2019,1,Catamarca,32.19,26.912,4.443,16,- 0,2.251,20207414,Ene-Mar 2019
2019,1,Chaco,32.64,53.409,43.555,1.951,3.628,1.134,20207414,Ene-Mar 2019
2019,1,Chubut,43.0,37.302,23.065,1.923,14.443,3.045,20207414,Ene-Mar 2019
2019,1,Córdoba,65.52,323.272,363.959,19.902,24.615,12.367,20207414,Ene-Mar 2019
2019,1,Corrientes,35.13,55.842,43.444,1.615,1.528,58.0,20207414,Ene-Mar 2019
2019,1,Entre Ríos,56.79,100.999,90.253,12.723,16.231,12.241,20207414,Ene-Mar 2019
2019,1,Formosa,29.68,22.570,7.878,940,13.761,62.0,20207414,Ene-Mar 2019
2019,1,Jujuy,46.41,33.248,12.484,153,640,43.622,20207414,Ene-Mar 2019
2019,1,La Pampa,76.35,18.832,57.373,2.891,9.023,1.041,20207414,Ene-Mar 2019
2019,1,La Rioja,50.18,16.367,34.984,12,252,41.0,20207414,Ene-Mar 2019
2019,1,Mendoza,37.66,148.524,40.205,5.662,10.363,1.544,20207414,Ene-Mar 2019
2019,1,Misiones,36.26,54.898,59.214,465,426,7.717,20207414,Ene-Mar 2019
2019,1,Neuquén,58.88,40.747,55.634,3.114,12.510,2.372,20207414,Ene-Mar 2019
2019,1,Río Negro,53.57,68.377,34.124,3.994,9.736,4.857,20207414,Ene-Mar 2019
2019,1,Salta,40.1,74.426,57.933,647,1.135,1.879,20207414,Ene-Mar 2019
2019,1,San Juan,31.83,51.660,5.838,808,2.932,1.207,20207414,Ene-Mar 2019
2019,1,San Luis,67.34,11.108,7.784,378,53.097,23.968,20207414,Ene-Mar 2019
2019,1,Santa Cruz,23.67,10.659,4.615,382,6.514,2.735,20207414,Ene-Mar 2019
2019,1,Santa Fe,66.97,340.038,340.344,15.621,23.215,17.86,20207414,Ene-Mar 2019
2019,1,Santiago Del Estero,37.52,25.337,61.547,23,2.847,99.0,20207414,Ene-Mar 2019
2019,1,Tierra Del Fuego,93.38,19.789,23.549,1.623,- 0,1.486,20207414,Ene-Mar 2019
2019,1,Tucumán,41.63,159.215,11.670,118,678,321.0,20207414,Ene-Mar 2019
2018,4,Buenos Aires,64.6,1.305.576,1.949.637,296.102,65.477,19.814,16637687,Oct-Dic 2018
2018,4,Capital Federal,108.27,328.253,1.019.490,33.042,3.978,4.257,16637687,Oct-Dic 2018
2018,4,Catamarca,32.23,26.912,4.443,16,- 0,2.212,16637687,Oct-Dic 2018
2018,4,Chaco,32.59,53.409,43.555,1.940,3.236,1.13,16637687,Oct-Dic 2018
2018,4,Chubut,42.61,37.215,23.065,952,14.443,3.047,16637687,Oct-Dic 2018
2018,4,Córdoba,65.09,328.854,355.716,17.675,21.851,13.243,16637687,Oct-Dic 2018
2018,4,Corrientes,34.57,55.842,42.418,796,1.515,30.0,16637687,Oct-Dic 2018
2018,4,Entre Ríos,54.37,101.168,86.198,4.853,15.472,14.356,16637687,Oct-Dic 2018
2018,4,Formosa,29.74,22.619,7.880,887,13.761,57.0,16637687,Oct-Dic 2018
2018,4,Jujuy,46.53,33.248,12.484,153,640,43.608,16637687,Oct-Dic 2018
2018,4,La Pampa,73.49,18.832,55.337,2.685,7.772,1.01,16637687,Oct-Dic 2018
2018,4,La Rioja,50.35,16.367,34.984,12,252,36.0,16637687,Oct-Dic 2018
2018,4,Mendoza,37.76,148.524,40.205,5.665,10.363,1.547,16637687,Oct-Dic 2018
2018,4,Misiones,34.45,55.500,53.673,465,426,6.209,16637687,Oct-Dic 2018
2018,4,Neuquén,59.07,40.747,55.634,3.115,12.425,2.444,16637687,Oct-Dic 2018
2018,4,Río Negro,51.86,68.377,34.292,1.299,8.037,4.832,16637687,Oct-Dic 2018
2018,4,Salta,39.8,74.295,57.539,638,253,1.853,16637687,Oct-Dic 2018
2018,4,San Juan,31.9,51.660,5.838,806,2.883,1.211,16637687,Oct-Dic 2018
2018,4,San Luis,67.55,11.108,7.784,378,53.097,23.964,16637687,Oct-Dic 2018
2018,4,Santa Cruz,23.69,10.659,4.615,382,6.378,2.734,16637687,Oct-Dic 2018
2018,4,Santa Fe,65.59,335.519,322.782,14.387,18.705,28.997,16637687,Oct-Dic 2018
2018,4,Santiago Del Estero,37.4,25.339,61.243,23,2.649,81.0,16637687,Oct-Dic 2018
2018,4,Tierra Del Fuego,93.59,19.789,23.349,1.623,- 0,1.499,16637687,Oct-Dic 2018
2018,4,Tucumán,41.76,159.215,11.670,119,686,314.0,16637687,Oct-Dic 2018
2018,3,Buenos Aires,64.44,1.435.856,1.929.273,156.382,62.318,26.448,15410981,Jul-Sept 2018
2018,3,Capital Federal,108.45,334.353,1.009.252,35.694,3.872,9.319,15410981,Jul-Sept 2018
2018,3,Catamarca,32.92,27.553,4.443,15,1,2.214,15410981,Jul-Sept 2018
2018,3,Chaco,32.28,53.927,42.359,1.990,2.628,1.129,15410981,Jul-Sept 2018
2018,3,Chubut,56.39,58.887,23.065,1.239,13.817,6.728,15410981,Jul-Sept 2018
2018,3,Córdoba,64.24,337.620,342.401,15.785,19.213,10.839,15410981,Jul-Sept 2018
2018,3,Corrientes,34.25,56.444,41.300,212,1.468,32.0,15410981,Jul-Sept 2018
2018,3,Entre Ríos,50.22,103.318,83.714,2.403,15.093,80.0,15410981,Jul-Sept 2018
2018,3,Formosa,29.58,22.777,7.589,817,13.625,57.0,15410981,Jul-Sept 2018
2018,3,Jujuy,23.26,33.363,10.856,32,641,43.0,15410981,Jul-Sept 2018
2018,3,La Pampa,71.75,12.415,54.574,8.437,7.011,987.0,15410981,Jul-Sept 2018
2018,3,La Rioja,50.73,16.587,34.984,13,253,35.0,15410981,Jul-Sept 2018
2018,3,Mendoza,37.99,151.033,40.205,5.744,8.195,1.852,15410981,Jul-Sept 2018
2018,3,Misiones,32.1,56.290,50.793,512,391,56.0,15410981,Jul-Sept 2018
2018,3,Neuquén,60.49,46.602,54.129,998,12.277,2.712,15410981,Jul-Sept 2018
2018,3,Río Negro,50.54,68.590,33.474,1.252,5.051,5.125,15410981,Jul-Sept 2018
2018,3,Salta,39.43,76.600,53.980,678,234,1.391,15410981,Jul-Sept 2018
2018,3,San Juan,33.05,54.025,5.838,826,2.744,1.048,15410981,Jul-Sept 2018
2018,3,San Luis,52.35,11.096,7.784,368,52.859,2.314,15410981,Jul-Sept 2018
2018,3,Santa Cruz,32.73,18.606,4.574,585,6.238,3.996,15410981,Jul-Sept 2018
2018,3,Santa Fe,63.41,339.126,312.866,11.749,16.337,15.022,15410981,Jul-Sept 2018
2018,3,Santiago Del Estero,36.25,25.805,58.789,23,1.662,81.0,15410981,Jul-Sept 2018
2018,3,Tierra Del Fuego,92.77,19.365,22.649,1.502,1,2.047,15410981,Jul-Sept 2018
2018,3,Tucumán,41.68,161.209,9.280,110,252,315.0,15410981,Jul-Sept 2018
2018,2,Buenos Aires,62.78,1.450.203,1.807.868,143.626,71.256,27.746,14319467,Abr-Jun 2018
2018,2,Capital Federal,106.53,342.431,977.916,35.610,3.908,9.321,14319467,Abr-Jun 2018
2018,2,Catamarca,32.86,27.444,4.415,15,1,2.214,14319467,Abr-Jun 2018
2018,2,Chaco,31.25,54.134,40.750,562,1.946,1.129,14319467,Abr-Jun 2018
2018,2,Chubut,54.9,58.935,19.591,1.239,14.070,6.729,14319467,Abr-Jun 2018
2018,2,Córdoba,63.27,345.141,327.636,13.832,16.355,10.109,14319467,Abr-Jun 2018
2018,2,Corrientes,33.81,56.541,39.715,201,1.468,32.0,14319467,Abr-Jun 2018
2018,2,Entre Ríos,49.2,104.811,80.376,2.405,12.313,80.0,14319467,Abr-Jun 2018
2018,2,Formosa,29.43,23.543,7.311,18,13.625,57.0,14319467,Abr-Jun 2018
2018,2,Jujuy,23.43,33.571,10.856,23,640,43.0,14319467,Abr-Jun 2018
2018,2,La Pampa,71.04,12.416,53.587,8.420,7.011,987.0,14319467,Abr-Jun 2018
2018,2,La Rioja,50.98,16.663,34.984,13,253,35.0,14319467,Abr-Jun 2018
2018,2,Mendoza,36.97,152.938,36.872,3.084,6.206,1.852,14319467,Abr-Jun 2018
2018,2,Misiones,31.63,57.265,47.923,512,391,56.0,14319467,Abr-Jun 2018
2018,2,Neuquén,60.24,46.633,52.855,998,12.649,2.713,14319467,Abr-Jun 2018
2018,2,Río Negro,50.15,68.667,32.795,1.252,4.396,5.125,14319467,Abr-Jun 2018
2018,2,Salta,39.94,78.386,53.478,678,234,1.391,14319467,Abr-Jun 2018
2018,2,San Juan,32.95,54.080,5.068,826,3.079,1.048,14319467,Abr-Jun 2018
2018,2,San Luis,15.15,11.104,7.666,368,16,2.314,14319467,Abr-Jun 2018
2018,2,Santa Cruz,33.33,18.615,4.474,585,6.734,3.997,14319467,Abr-Jun 2018
2018,2,Santa Fe,62.57,337.934,304.349,11.354,15.801,15.114,14319467,Abr-Jun 2018
2018,2,Santiago Del Estero,35.26,26.074,55.935,23,1.662,81.0,14319467,Abr-Jun 2018
2018,2,Tierra Del Fuego,91.61,19.372,22.756,531,1,2.047,14319467,Abr-Jun 2018
2018,2,Tucumán,41.51,160.315,8.965,110,252,315.0,14319467,Abr-Jun 2018
2018,1,Buenos Aires,62.63,1.452.061,1.793.884,133.928,64.379,31.194,13171459,Ene-Mar 2018
2018,1,Capital Federal,106.24,349.995,968.483,35.535,3.164,9.393,13171459,Ene-Mar 2018
2018,1,Catamarca,32.79,27.300,4.415,15,1,2.214,13171459,Ene-Mar 2018
2018,1,Chaco,30.83,54.879,40.157,383,388,1.13,13171459,Ene-Mar 2018
2018,1,Chubut,53.72,56.375,19.591,1.194,14.070,6.729,13171459,Ene-Mar 2018
2018,1,Córdoba,63.52,349.342,326.894,13.178,13.237,11.275,13171459,Ene-Mar 2018
2018,1,Corrientes,32.66,56.937,35.225,888,1.334,33.0,13171459,Ene-Mar 2018
2018,1,Entre Ríos,48.68,106.998,75.751,3.789,10.776,80.0,13171459,Ene-Mar 2018
2018,1,Formosa,21.4,23.556,7.095,17,1.603,57.0,13171459,Ene-Mar 2018
2018,1,Jujuy,23.12,33.856,10.456,23,28,43.0,13171459,Ene-Mar 2018
2018,1,La Pampa,71.75,10.807,51.389,8.386,10.556,1.926,13171459,Ene-Mar 2018
2018,1,La Rioja,51.44,16.960,34.984,13,253,35.0,13171459,Ene-Mar 2018
2018,1,Mendoza,37.07,152.931,36.872,3.086,6.206,1.852,13171459,Ene-Mar 2018
2018,1,Misiones,30.96,56.311,46.880,328,5,56.0,13171459,Ene-Mar 2018
2018,1,Neuquén,61.52,46.714,55.072,1.000,12.404,2.713,13171459,Ene-Mar 2018
2018,1,Río Negro,49.82,68.769,31.712,1.251,4.259,5.128,13171459,Ene-Mar 2018
2018,1,Salta,39.78,79.936,51.534,118,204,1.391,13171459,Ene-Mar 2018
2018,1,San Juan,32.61,54.080,5.068,826,2.246,1.048,13171459,Ene-Mar 2018
2018,1,San Luis,15.15,11.104,7.594,368,16,2.314,13171459,Ene-Mar 2018
2018,1,Santa Cruz,33.55,18.615,4.474,1.799,6.734,2.783,13171459,Ene-Mar 2018
2018,1,Santa Fe,62.28,341.997,300.421,10.674,11.636,15.298,13171459,Ene-Mar 2018
2018,1,Santiago Del Estero,34.99,26.788,54.594,23,1.432,81.0,13171459,Ene-Mar 2018
2018,1,Tierra Del Fuego,65.2,19.372,9.663,531,1,2.047,13171459,Ene-Mar 2018
2018,1,Tucumán,41.18,158.611,8.921,107,368,50.0,13171459,Ene-Mar 2018
2017,4,Buenos Aires,57.61,1.241.172,1.718.013,131.181,60.082,31.448,11226127,Oct-Dic 2017
2017,4,Capital Federal,122.9,571.363,961.688,36.277,3.119,9.877,11226127,Oct-Dic 2017
2017,4,Catamarca,28.62,27.083,263,11,1,2.2,11226127,Oct-Dic 2017
2017,4,Chaco,30.81,55.035,39.690,389,380,1.121,11226127,Oct-Dic 2017
2017,4,Chubut,51.46,56.378,15.097,1.187,14.070,6.708,11226127,Oct-Dic 2017
2017,4,Córdoba,63.33,349.710,324.709,12.778,12.043,10.739,11226127,Oct-Dic 2017
2017,4,Corrientes,32.52,56.786,34.722,894,1.334,35.0,11226127,Oct-Dic 2017
2017,4,Entre Ríos,47.89,107.764,73.692,1.894,10.267,86.0,11226127,Oct-Dic 2017
2017,4,Formosa,21.27,23.410,6.973,19,1.603,51.0,11226127,Oct-Dic 2017
2017,4,Jujuy,22.74,33.844,9.626,20,28,34.0,11226127,Oct-Dic 2017
2017,4,La Pampa,71.05,10.808,50.495,8.272,10.569,1.927,11226127,Oct-Dic 2017
2017,4,La Rioja,51.57,16.912,34.984,14,253,31.0,11226127,Oct-Dic 2017
2017,4,Mendoza,33.33,152.896,16.114,3.015,6.206,1.92,11226127,Oct-Dic 2017
2017,4,Misiones,31.14,56.271,47.470,95,5,54.0,11226127,Oct-Dic 2017
2017,4,Neuquén,61.24,46.739,54.119,1.017,12.404,2.692,11226127,Oct-Dic 2017
2017,4,Río Negro,49.38,68.690,30.451,1.250,4.259,5.114,11226127,Oct-Dic 2017
2017,4,Salta,39.8,80.705,50.446,127,158,1.376,11226127,Oct-Dic 2017
2017,4,San Juan,30.3,54.079,451,812,2.246,1.036,11226127,Oct-Dic 2017
2017,4,San Luis,10.59,11.104,1.119,335,17,2.329,11226127,Oct-Dic 2017
2017,4,Santa Cruz,28.91,18.614,1.668,582,4.638,3.95,11226127,Oct-Dic 2017
2017,4,Santa Fe,61.71,341.680,293.831,10.602,10.965,15.382,11226127,Oct-Dic 2017
2017,4,Santiago Del Estero,29.13,27.313,40.407,19,1.025,80.0,11226127,Oct-Dic 2017
2017,4,Tierra Del Fuego,59.89,19.372,6.906,530,1,2.045,11226127,Oct-Dic 2017
2017,4,Tucumán,39.9,156.583,5.223,105,102,319.0,11226127,Oct-Dic 2017
2017,3,Buenos Aires,55.63,1.288.025,1.571.180,124.920,35.058,38.777,10065998,Jul-Sept 2017
2017,3,Capital Federal,121.86,583.249,941.092,33.481,2.814,9.723,10065998,Jul-Sept 2017
2017,3,Catamarca,32.49,26.873,4.411,12,1,2.181,10065998,Jul-Sept 2017
2017,3,Chaco,29.98,54.888,37.307,456,36,1.072,10065998,Jul-Sept 2017
2017,3,Chubut,46.22,56.359,5.645,1.217,13.503,6.82,10065998,Jul-Sept 2017
2017,3,Córdoba,62.31,344.580,319.360,10.579,7.137,14.988,10065998,Jul-Sept 2017
2017,3,Corrientes,32.17,56.247,33.993,947,1.334,27.0,10065998,Jul-Sept 2017
2017,3,Entre Ríos,45.96,107.774,69.596,1.786,6.245,63.0,10065998,Jul-Sept 2017
2017,3,Formosa,21.35,22.647,6.816,428,2.202,12.0,10065998,Jul-Sept 2017
2017,3,Jujuy,22.65,33.796,9.395,20,23,8.0,10065998,Jul-Sept 2017
2017,3,La Pampa,69.14,11.378,49.679,5.153,11.536,1.944,10065998,Jul-Sept 2017
2017,3,La Rioja,51.47,16.638,34.984,14,252,25.0,10065998,Jul-Sept 2017
2017,3,Mendoza,35.7,154.036,33.788,2.772,29,1.866,10065998,Jul-Sept 2017
2017,3,Misiones,30.21,56.472,43.880,110,5,9.0,10065998,Jul-Sept 2017
2017,3,Neuquén,60.83,48.001,52.468,1.044,11.576,2.695,10065998,Jul-Sept 2017
2017,3,Río Negro,48.52,69.301,30.018,1.106,3.054,4.017,10065998,Jul-Sept 2017
2017,3,Salta,39.84,80.782,50.284,127,158,1.167,10065998,Jul-Sept 2017
2017,3,San Juan,32.37,54.499,5.068,816,1.053,1.013,10065998,Jul-Sept 2017
2017,3,San Luis,15.48,11.407,7.576,347,26,2.363,10065998,Jul-Sept 2017
2017,3,Santa Cruz,33.29,19.220,5.487,1.544,4.552,2.887,10065998,Jul-Sept 2017
2017,3,Santa Fe,60.91,322.953,290.655,6.338,4.897,37.499,10065998,Jul-Sept 2017
2017,3,Santiago Del Estero,35.12,27.733,54.096,19,911,35.0,10065998,Jul-Sept 2017
2017,3,Tierra Del Fuego,65.74,21.587,7.012,622,1,2.244,10065998,Jul-Sept 2017
2017,3,Tucumán,39.7,154.130,6.431,106,40,305.0,10065998,Jul-Sept 2017
2017,2,Buenos Aires,56.27,1.378.549,1.535.037,119.132,21.555,24.358,9678647,Abr-Jun 2017
2017,2,Capital Federal,124.06,615.262,932.466,38.628,2.819,11.016,9678647,Abr-Jun 2017
2017,2,Catamarca,25.98,26.401,255,14,1,34.0,9678647,Abr-Jun 2017
2017,2,Chaco,29.05,54.449,35.613,458,52,39.0,9678647,Abr-Jun 2017
2017,2,Chubut,35.55,43.994,1.067,916,13.194,4.804,9678647,Abr-Jun 2017
2017,2,Córdoba,58.97,341.748,303.488,4.451,6.446,1.505,9678647,Abr-Jun 2017
2017,2,Corrientes,31.39,55.262,33.192,258,1.354,31.0,9678647,Abr-Jun 2017
2017,2,Entre Ríos,45.39,108.309,67.650,254,6.448,71.0,9678647,Abr-Jun 2017
2017,2,Formosa,19.97,22.493,6.410,17,1.023,13.0,9678647,Abr-Jun 2017
2017,2,Jujuy,22.4,33.742,8.858,22,- 0,35.0,9678647,Abr-Jun 2017
2017,2,La Pampa,63.49,12.754,48.310,5.194,6.253,511.0,9678647,Abr-Jun 2017
2017,2,La Rioja,16.2,16.244,- 0,15,2,28.0,9678647,Abr-Jun 2017
2017,2,Mendoza,31.76,153.331,13.030,2.581,27,1.784,9678647,Abr-Jun 2017
2017,2,Misiones,30.09,56.752,42.925,103,5,9.0,9678647,Abr-Jun 2017
2017,2,Neuquén,61.91,51.794,50.283,1.133,11.545,2.678,9678647,Abr-Jun 2017
2017,2,Río Negro,46.02,67.038,29.147,961,3.213,1.26,9678647,Abr-Jun 2017
2017,2,Salta,32.74,80.184,27.280,115,158,804.0,9678647,Abr-Jun 2017
2017,2,San Juan,26.96,48.670,451,772,1.073,915.0,9678647,Abr-Jun 2017
2017,2,San Luis,9.51,11.432,1.120,354,26,375.0,9678647,Abr-Jun 2017
2017,2,Santa Cruz,26.25,15.311,2.722,1.365,4.735,2.255,9678647,Abr-Jun 2017
2017,2,Santa Fe,52.27,329.813,228.102,3.234,4.958,1.173,9678647,Abr-Jun 2017
2017,2,Santiago Del Estero,14.12,28.337,3.900,19,911,29.0,9678647,Abr-Jun 2017
2017,2,Tierra Del Fuego,68.46,22.636,6.905,665,1,2.35,9678647,Abr-Jun 2017
2017,2,Tucumán,38.19,149.013,5.223,116,14,45.0,9678647,Abr-Jun 2017
2017,1,Buenos Aires,58.57,1.559.178,1.465.817,118.839,21.200,24.342,8701201,Ene-Mar 2017
2017,1,Capital Federal,108.37,428.801,918.328,38.259,2.730,10.928,8701201,Ene-Mar 2017
2017,1,Catamarca,25.66,26.020,248,14,1,34.0,8701201,Ene-Mar 2017
2017,1,Chaco,28.62,54.430,34.277,252,52,39.0,8701201,Ene-Mar 2017
2017,1,Chubut,35.66,43.994,999,916,13.194,4.793,8701201,Ene-Mar 2017
2017,1,Córdoba,57.65,335.673,293.479,4.871,5.782,1.394,8701201,Ene-Mar 2017
2017,1,Corrientes,30.94,54.993,31.994,236,1.354,31.0,8701201,Ene-Mar 2017
2017,1,Entre Ríos,44.91,108.509,65.095,230,6.448,71.0,8701201,Ene-Mar 2017
2017,1,Formosa,19.84,22.438,6.215,16,1.023,13.0,8701201,Ene-Mar 2017
2017,1,Jujuy,22.76,33.869,9.278,22,- 0,34.0,8701201,Ene-Mar 2017
2017,1,La Pampa,62.67,12.754,47.195,5.194,6.253,517.0,8701201,Ene-Mar 2017
2017,1,La Rioja,16.2,16.180,- 0,15,2,28.0,8701201,Ene-Mar 2017
2017,1,Mendoza,31.84,153.326,13.030,2.581,27,1.769,8701201,Ene-Mar 2017
2017,1,Misiones,29.52,57.363,40.142,101,5,8.0,8701201,Ene-Mar 2017
2017,1,Neuquén,61.02,51.771,48.109,1.124,11.665,2.67,8701201,Ene-Mar 2017
2017,1,Río Negro,46.03,67.075,28.785,954,3.213,1.261,8701201,Ene-Mar 2017
2017,1,Salta,32.58,79.837,26.845,114,158,679.0,8701201,Ene-Mar 2017
2017,1,San Juan,27.04,48.670,451,772,1.073,907.0,8701201,Ene-Mar 2017
2017,1,San Luis,9.55,11.432,1.120,354,26,375.0,8701201,Ene-Mar 2017
2017,1,Santa Cruz,26.52,15.502,2.722,1.272,4.733,2.257,8701201,Ene-Mar 2017
2017,1,Santa Fe,51.97,327.458,226.094,3.210,4.948,1.172,8701201,Ene-Mar 2017
2017,1,Santiago Del Estero,14.7,29.616,3.900,19,911,29.0,8701201,Ene-Mar 2017
2017,1,Tierra Del Fuego,68.92,22.636,6.905,665,1,2.35,8701201,Ene-Mar 2017
2017,1,Tucumán,37.9,147.373,5.223,116,14,45.0,8701201,Ene-Mar 2017
2016,4,Buenos Aires,61.24,1.563.542,1.414.676,118.747,21.394,24.342,7483980,Oct-Dic 2016
2016,4,Capital Federal,120.63,434.835,914.952,38.161,2.583,10.928,7483980,Oct-Dic 2016
2016,4,Catamarca,26.54,26.735,250,14,1,34.0,7483980,Oct-Dic 2016
2016,4,Chaco,28.79,54.974,33.534,248,52,39.0,7483980,Oct-Dic 2016
2016,4,Chubut,36.07,43.994,955,916,13.107,4.793,7483980,Oct-Dic 2016
2016,4,Córdoba,57.7,337.368,289.344,3.368,5.686,789.0,7483980,Oct-Dic 2016
2016,4,Corrientes,30.98,54.981,31.497,233,1.354,31.0,7483980,Oct-Dic 2016
2016,4,Entre Ríos,45.21,109.359,64.141,226,6.448,71.0,7483980,Oct-Dic 2016
2016,4,Formosa,19.85,22.400,6.061,16,1.023,13.0,7483980,Oct-Dic 2016
2016,4,Jujuy,22.65,33.838,8.731,22,- 0,34.0,7483980,Oct-Dic 2016
2016,4,La Pampa,63.02,12.754,47.245,5.054,6.253,522.0,7483980,Oct-Dic 2016
2016,4,La Rioja,16.46,16.270,- 0,16,2,28.0,7483980,Oct-Dic 2016
2016,4,Mendoza,32.11,153.320,13.030,2.579,27,1.769,7483980,Oct-Dic 2016
2016,4,Misiones,29.72,57.983,39.294,100,5,8.0,7483980,Oct-Dic 2016
2016,4,Neuquén,60.87,51.742,46.389,1.124,11.910,2.67,7483980,Oct-Dic 2016
2016,4,Río Negro,46.39,67.057,28.474,954,3.274,1.261,7483980,Oct-Dic 2016
2016,4,Salta,32.69,79.389,26.657,110,158,621.0,7483980,Oct-Dic 2016
2016,4,San Juan,27.29,48.670,451,772,1.121,907.0,7483980,Oct-Dic 2016
2016,4,San Luis,9.64,11.432,1.120,354,26,375.0,7483980,Oct-Dic 2016
2016,4,Santa Cruz,27.05,15.607,2.722,1.055,4.823,2.257,7483980,Oct-Dic 2016
2016,4,Santa Fe,52.19,326.721,225.792,3.201,4.946,1.172,7483980,Oct-Dic 2016
2016,4,Santiago Del Estero,15.07,30.192,3.900,19,911,29.0,7483980,Oct-Dic 2016
2016,4,Tierra Del Fuego,70.31,22.636,6.905,665,1,2.35,7483980,Oct-Dic 2016
2016,4,Tucumán,37.98,146.995,4.482,116,14,45.0,7483980,Oct-Dic 2016
2016,3,Buenos Aires,60.14,1.574.216,1.355.770,113.463,18.867,24.276,6912442,Jul-Sept 2016
2016,3,Capital Federal,120.77,447.726,905.105,36.796,2.514,10.963,6912442,Jul-Sept 2016
2016,3,Catamarca,26.48,26.689,248,14,1,18.0,6912442,Jul-Sept 2016
2016,3,Chaco,28.91,56.251,32.730,232,2,15.0,6912442,Jul-Sept 2016
2016,3,Chubut,36.18,43.987,935,916,13.364,4.75,6912442,Jul-Sept 2016
2016,3,Córdoba,58.24,348.481,285.480,2.540,5.695,395.0,6912442,Jul-Sept 2016
2016,3,Corrientes,31.07,55.934,30.813,217,1.354,22.0,6912442,Jul-Sept 2016
2016,3,Entre Ríos,45.44,112.588,61.850,206,6.441,64.0,6912442,Jul-Sept 2016
2016,3,Formosa,18.64,21.800,5.905,9,- 0,2.0,6912442,Jul-Sept 2016
2016,3,Jujuy,22.61,34.250,8.236,22,- 0,30.0,6912442,Jul-Sept 2016
2016,3,La Pampa,61.73,12.751,45.952,4.910,6.236,515.0,6912442,Jul-Sept 2016
2016,3,La Rioja,17.07,16.891,- 0,15,2,22.0,6912442,Jul-Sept 2016
2016,3,Mendoza,32.09,153.233,13.030,2.576,28,1.757,6912442,Jul-Sept 2016
2016,3,Misiones,29.91,59.776,38.130,79,5,7.0,6912442,Jul-Sept 2016
2016,3,Neuquén,60.21,51.752,44.739,1.093,12.402,2.617,6912442,Jul-Sept 2016
2016,3,Río Negro,46.39,67.043,28.496,942,3.293,1.252,6912442,Jul-Sept 2016
2016,3,Salta,32.96,80.866,26.113,90,157,565.0,6912442,Jul-Sept 2016
2016,3,San Juan,27.32,48.670,451,770,1.174,903.0,6912442,Jul-Sept 2016
2016,3,San Luis,9.63,11.432,1.113,354,23,371.0,6912442,Jul-Sept 2016
2016,3,Santa Cruz,26.84,15.570,2.722,817,4.978,2.17,6912442,Jul-Sept 2016
2016,3,Santa Fe,52.67,334.911,223.011,3.037,4.862,1.19,6912442,Jul-Sept 2016
2016,3,Santiago Del Estero,15.33,31.730,3.900,19,3,8.0,6912442,Jul-Sept 2016
2016,3,Tierra Del Fuego,68.94,22.636,6.276,665,1,2.347,6912442,Jul-Sept 2016
2016,3,Tucumán,37.9,147.259,3.850,116,53,41.0,6912442,Jul-Sept 2016
2016,2,Buenos Aires,59.34,1.579.448,1.305.949,113.070,21.163,25.661,6534241,Abr-Jun 2016
2016,2,Capital Federal,120.04,450.644,892.209,36.669,2.390,12.672,6534241,Abr-Jun 2016
2016,2,Catamarca,26.07,26.262,245,14,1,34.0,6534241,Abr-Jun 2016
2016,2,Chaco,28.59,56.112,31.825,221,52,41.0,6534241,Abr-Jun 2016
2016,2,Chubut,36.12,43.977,867,916,13.293,4.803,6534241,Abr-Jun 2016
2016,2,Córdoba,57.55,348.891,277.615,1.709,5.610,1.089,6534241,Abr-Jun 2016
2016,2,Corrientes,30.58,55.511,29.845,203,1.354,43.0,6534241,Abr-Jun 2016
2016,2,Entre Ríos,44.74,112.809,58.768,169,6.434,193.0,6534241,Abr-Jun 2016
2016,2,Formosa,19.37,22.101,5.658,6,1.023,14.0,6534241,Abr-Jun 2016
2016,2,Jujuy,21.89,33.758,7.374,22,- 0,35.0,6534241,Abr-Jun 2016
2016,2,La Pampa,60.44,12.754,44.654,4.708,6.225,547.0,6534241,Abr-Jun 2016
2016,2,La Rioja,16.88,16.691,- 0,15,2,28.0,6534241,Abr-Jun 2016
2016,2,Mendoza,32.13,153.321,13.030,2.576,29,1.868,6534241,Abr-Jun 2016
2016,2,Misiones,29.24,59.573,36.145,77,5,15.0,6534241,Abr-Jun 2016
2016,2,Neuquén,59.1,51.742,42.370,1.088,12.466,2.849,6534241,Abr-Jun 2016
2016,2,Río Negro,46.24,67.031,28.100,939,3.300,1.334,6534241,Abr-Jun 2016
2016,2,Salta,32.08,79.438,24.719,85,151,539.0,6534241,Abr-Jun 2016
2016,2,San Juan,27.34,48.670,451,770,1.214,908.0,6534241,Abr-Jun 2016
2016,2,San Luis,9.6,11.432,1.063,354,30,377.0,6534241,Abr-Jun 2016
2016,2,Santa Cruz,26.73,15.453,2.722,396,4.996,2.586,6534241,Abr-Jun 2016
2016,2,Santa Fe,52.44,336.244,219.088,2.981,4.744,1.417,6534241,Abr-Jun 2016
2016,2,Santiago Del Estero,15.89,32.101,3.900,19,911,30.0,6534241,Abr-Jun 2016
2016,2,Tierra Del Fuego,67.72,22.636,5.707,665,1,2.35,6534241,Abr-Jun 2016
2016,2,Tucumán,37.24,145.486,2.968,116,58,49.0,6534241,Abr-Jun 2016
2016,1,Buenos Aires,57.34,1.583.560,1.200.859,111.231,21.108,25.757,5936845,Ene-Mar 2016
2016,1,Capital Federal,115.16,454.425,832.126,36.332,2.284,12.729,5936845,Ene-Mar 2016
2016,1,Catamarca,25.91,26.096,243,15,1,34.0,5936845,Ene-Mar 2016
2016,1,Chaco,28.08,56.353,29.994,211,52,41.0,5936845,Ene-Mar 2016
2016,1,Chubut,36.09,43.967,834,916,13.280,4.803,5936845,Ene-Mar 2016
2016,1,Córdoba,55.28,350.884,252.346,674,5.636,386.0,5936845,Ene-Mar 2016
2016,1,Corrientes,30.08,55.454,28.491,192,1.354,45.0,5936845,Ene-Mar 2016
2016,1,Entre Ríos,43.85,113.101,54.948,146,6.425,193.0,5936845,Ene-Mar 2016
2016,1,Formosa,19.04,21.852,5.420,5,1.023,14.0,5936845,Ene-Mar 2016
2016,1,Jujuy,21.41,33.481,6.751,22,- 0,35.0,5936845,Ene-Mar 2016
2016,1,La Pampa,57.84,12.754,41.881,4.536,6.209,549.0,5936845,Ene-Mar 2016
2016,1,La Rioja,16.83,16.645,- 0,16,2,28.0,5936845,Ene-Mar 2016
2016,1,Mendoza,32.12,153.299,13.030,2.576,34,1.871,5936845,Ene-Mar 2016
2016,1,Misiones,28.37,59.538,33.330,70,5,15.0,5936845,Ene-Mar 2016
2016,1,Neuquén,55.75,51.702,36.122,1.085,12.502,2.85,5936845,Ene-Mar 2016
2016,1,Río Negro,45.84,66.894,27.312,937,3.341,1.338,5936845,Ene-Mar 2016
2016,1,Salta,31.32,78.973,22.741,73,132,507.0,5936845,Ene-Mar 2016
2016,1,San Juan,27.33,48.670,451,770,1.195,908.0,5936845,Ene-Mar 2016
2016,1,San Luis,9.59,11.432,1.042,354,27,377.0,5936845,Ene-Mar 2016
2016,1,Santa Cruz,26.87,15.654,2.723,396,5.088,2.426,5936845,Ene-Mar 2016
2016,1,Santa Fe,51.28,338.052,204.816,3.014,4.686,1.428,5936845,Ene-Mar 2016
2016,1,Santiago Del Estero,16.21,32.838,3.900,19,911,30.0,5936845,Ene-Mar 2016
2016,1,Tierra Del Fuego,65.83,22.636,4.834,665,1,2.35,5936845,Ene-Mar 2016
2016,1,Tucumán,36.72,144.233,2.165,116,74,49.0,5936845,Ene-Mar 2016
2015,4,Buenos Aires,58.29,1.586.343,1.223.603,103.269,20.397,25.773,5376899,Oct-Dic 2015
2015,4,Capital Federal,118.13,455.427,879.950,19.818,2.273,12.758,5376899,Oct-Dic 2015
2015,4,Catamarca,26.24,26.180,242,15,1,34.0,5376899,Oct-Dic 2015
2015,4,Chaco,28.35,56.818,29.456,186,52,41.0,5376899,Oct-Dic 2015
2015,4,Chubut,36.89,43.968,811,916,13.521,4.803,5376899,Oct-Dic 2015
2015,4,Córdoba,57.36,353.530,266.062,480,5.613,385.0,5376899,Oct-Dic 2015
2015,4,Corrientes,30.34,55.681,28.178,177,1.354,45.0,5376899,Oct-Dic 2015
2015,4,Entre Ríos,44.11,113.983,53.411,122,6.427,194.0,5376899,Oct-Dic 2015
2015,4,Formosa,19.07,21.734,5.314,4,1.023,14.0,5376899,Oct-Dic 2015
2015,4,Jujuy,21.47,32.934,6.933,22,- 0,35.0,5376899,Oct-Dic 2015
2015,4,La Pampa,58.76,12.755,42.705,4.327,6.205,374.0,5376899,Oct-Dic 2015
2015,4,La Rioja,17.32,16.886,- 0,16,2,28.0,5376899,Oct-Dic 2015
2015,4,Mendoza,32.49,153.293,13.030,2.572,38,1.874,5376899,Oct-Dic 2015
2015,4,Misiones,28.69,60.252,32.533,48,5,15.0,5376899,Oct-Dic 2015
2015,4,Neuquén,58.29,51.680,38.902,1.048,12.934,2.852,5376899,Oct-Dic 2015
2015,4,Río Negro,46.44,66.851,27.221,915,3.407,1.328,5376899,Oct-Dic 2015
2015,4,Salta,31.59,78.744,22.446,47,129,554.0,5376899,Oct-Dic 2015
2015,4,San Juan,27.66,48.670,451,770,1.230,908.0,5376899,Oct-Dic 2015
2015,4,San Luis,9.71,11.432,1.025,354,30,377.0,5376899,Oct-Dic 2015
2015,4,Santa Cruz,27.74,15.614,2.723,396,5.261,2.409,5376899,Oct-Dic 2015
2015,4,Santa Fe,52.61,339.843,212.911,2.885,4.596,1.437,5376899,Oct-Dic 2015
2015,4,Santiago Del Estero,17.0,33.582,4.365,19,1.139,30.0,5376899,Oct-Dic 2015
2015,4,Tierra Del Fuego,66.46,22.636,4.301,665,1,2.35,5376899,Oct-Dic 2015
2015,4,Tucumán,37.06,144.188,1.653,116,88,50.0,5376899,Oct-Dic 2015
2015,3,Buenos Aires,57.69,1.585.467,1.183.894,113.590,19.989,25.825,5153739,Jul-Sept 2015
2015,3,Capital Federal,118.29,454.815,871.262,30.974,2.229,12.788,5153739,Jul-Sept 2015
2015,3,Catamarca,25.86,25.801,242,15,1,34.0,5153739,Jul-Sept 2015
2015,3,Chaco,27.96,56.282,28.809,186,52,41.0,5153739,Jul-Sept 2015
2015,3,Chubut,36.81,43.964,792,916,13.408,4.803,5153739,Jul-Sept 2015
2015,3,Córdoba,57.08,351.692,264.055,1.450,5.412,389.0,5153739,Jul-Sept 2015
2015,3,Corrientes,30.17,55.792,27.604,176,1.340,47.0,5153739,Jul-Sept 2015
2015,3,Entre Ríos,43.68,113.909,51.945,122,6.261,197.0,5153739,Jul-Sept 2015
2015,3,Formosa,18.84,21.573,5.264,2,899,14.0,5153739,Jul-Sept 2015
2015,3,Jujuy,21.27,32.598,6.895,22,- 0,35.0,5153739,Jul-Sept 2015
2015,3,La Pampa,57.96,12.755,41.886,4.078,6.195,557.0,5153739,Jul-Sept 2015
2015,3,La Rioja,17.15,16.725,- 0,16,2,28.0,5153739,Jul-Sept 2015
2015,3,Mendoza,32.49,153.299,13.030,2.572,42,1.88,5153739,Jul-Sept 2015
2015,3,Misiones,28.31,59.921,31.635,46,5,15.0,5153739,Jul-Sept 2015
2015,3,Neuquén,54.6,47.102,36.620,1.045,13.051,2.798,5153739,Jul-Sept 2015
2015,3,Río Negro,46.39,66.806,27.130,917,3.415,1.346,5153739,Jul-Sept 2015
2015,3,Salta,31.18,78.064,21.688,47,129,645.0,5153739,Jul-Sept 2015
2015,3,San Juan,27.67,48.670,451,770,1.231,908.0,5153739,Jul-Sept 2015
2015,3,San Luis,9.71,11.432,1.025,354,31,377.0,5153739,Jul-Sept 2015
2015,3,Santa Cruz,27.61,15.540,2.718,396,5.226,2.391,5153739,Jul-Sept 2015
2015,3,Santa Fe,52.15,337.042,209.673,4.169,4.426,1.428,5153739,Jul-Sept 2015
2015,3,Santiago Del Estero,17.12,33.886,4.365,19,1.097,30.0,5153739,Jul-Sept 2015
2015,3,Tierra Del Fuego,74.86,22.636,8.085,665,1,2.35,5153739,Jul-Sept 2015
2015,3,Tucumán,36.61,142.925,1.135,116,88,50.0,5153739,Jul-Sept 2015
2015,2,Buenos Aires,56.8,1.581.770,1.141.052,115.660,19.268,26.04,4701791,Abr-Jun 2015
2015,2,Capital Federal,116.07,453.178,858.342,19.786,2.172,12.806,4701791,Abr-Jun 2015
2015,2,Catamarca,25.45,25.387,242,15,1,34.0,4701791,Abr-Jun 2015
2015,2,Chaco,27.46,55.767,27.809,179,52,41.0,4701791,Abr-Jun 2015
2015,2,Chubut,36.58,43.949,762,916,13.055,4.803,4701791,Abr-Jun 2015
2015,2,Córdoba,55.87,348.130,255.596,435,5.199,386.0,4701791,Abr-Jun 2015
2015,2,Corrientes,29.58,55.238,26.553,157,1.321,47.0,4701791,Abr-Jun 2015
2015,2,Entre Ríos,42.93,113.378,49.767,119,6.031,197.0,4701791,Abr-Jun 2015
2015,2,Formosa,18.36,21.097,5.164,2,737,50.0,4701791,Abr-Jun 2015
2015,2,Jujuy,20.29,32.183,5.482,22,- 0,35.0,4701791,Abr-Jun 2015
2015,2,La Pampa,56.71,12.756,40.825,3.719,6.190,562.0,4701791,Abr-Jun 2015
2015,2,La Rioja,16.88,16.463,- 0,16,2,28.0,4701791,Abr-Jun 2015
2015,2,Mendoza,32.49,153.301,13.030,2.572,38,1.882,4701791,Abr-Jun 2015
2015,2,Misiones,27.35,59.179,29.283,37,5,15.0,4701791,Abr-Jun 2015
2015,2,Neuquén,53.12,47.078,34.183,1.044,12.781,2.799,4701791,Abr-Jun 2015
2015,2,Río Negro,45.98,66.738,26.268,916,3.457,1.348,4701791,Abr-Jun 2015
2015,2,Salta,30.46,77.214,20.297,47,129,580.0,4701791,Abr-Jun 2015
2015,2,San Juan,27.64,48.670,451,770,1.189,908.0,4701791,Abr-Jun 2015
2015,2,San Luis,9.71,11.432,1.025,354,33,377.0,4701791,Abr-Jun 2015
2015,2,Santa Cruz,27.07,15.343,2.707,396,4.917,2.4,4701791,Abr-Jun 2015
2015,2,Santa Fe,51.18,333.117,204.685,2.877,4.320,1.389,4701791,Abr-Jun 2015
2015,2,Santiago Del Estero,17.11,33.873,4.365,19,1.091,30.0,4701791,Abr-Jun 2015
2015,2,Tierra Del Fuego,74.51,22.636,7.927,665,1,2.35,4701791,Abr-Jun 2015
2015,2,Tucumán,35.69,139.944,479,116,88,50.0,4701791,Abr-Jun 2015
2015,1,Buenos Aires,56.37,1.583.135,1.096.836,134.177,18.754,28.94,4876385,Ene-Mar 2015
2015,1,Capital Federal,114.9,454.934,841.743,19.334,1.994,14.716,4876385,Ene-Mar 2015
2015,1,Catamarca,25.11,25.033,241,16,1,41.0,4876385,Ene-Mar 2015
2015,1,Chaco,26.65,54.952,26.161,164,27,56.0,4876385,Ene-Mar 2015
2015,1,Chubut,37.61,45.645,717,906,12.540,5.465,4876385,Ene-Mar 2015
2015,1,Córdoba,54.7,343.883,247.564,415,4.645,450.0,4876385,Ene-Mar 2015
2015,1,Corrientes,28.95,54.649,25.372,129,1.319,62.0,4876385,Ene-Mar 2015
2015,1,Entre Ríos,42.07,112.363,47.411,108,5.943,245.0,4876385,Ene-Mar 2015
2015,1,Formosa,18.12,21.022,4.951,1,670,56.0,4876385,Ene-Mar 2015
2015,1,Jujuy,19.69,31.505,5.048,22,- 0,36.0,4876385,Ene-Mar 2015
2015,1,La Pampa,55.51,13.143,39.571,3.215,6.164,604.0,4876385,Ene-Mar 2015
2015,1,La Rioja,16.7,16.282,- 0,16,2,33.0,4876385,Ene-Mar 2015
2015,1,Mendoza,32.37,152.433,13.030,2.542,29,2.126,4876385,Ene-Mar 2015
2015,1,Misiones,26.31,58.262,26.836,30,5,13.0,4876385,Ene-Mar 2015
2015,1,Neuquén,51.95,47.518,32.152,1.024,12.088,2.96,4876385,Ene-Mar 2015
2015,1,Río Negro,45.33,66.274,25.217,907,3.473,1.462,4876385,Ene-Mar 2015
2015,1,Salta,30.01,76.280,19.781,47,129,574.0,4876385,Ene-Mar 2015
2015,1,San Juan,27.55,48.441,451,755,1.165,1.007,4876385,Ene-Mar 2015
2015,1,San Luis,9.72,11.414,1.025,351,30,412.0,4876385,Ene-Mar 2015
2015,1,Santa Cruz,27.99,16.215,2.700,392,4.772,2.562,4876385,Ene-Mar 2015
2015,1,Santa Fe,50.24,328.809,199.037,2.845,4.239,1.507,4876385,Ene-Mar 2015
2015,1,Santiago Del Estero,17.06,33.813,4.365,19,1.020,35.0,4876385,Ene-Mar 2015
2015,1,Tierra Del Fuego,74.23,22.291,7.924,657,1,2.583,4876385,Ene-Mar 2015
2015,1,Tucumán,35.08,137.857,115,116,88,100.0,4876385,Ene-Mar 2015
2014,4,Buenos Aires,56.09,1.575.978,1.070.135,120.528,17.728,32.038,3950441,Oct-Dic 2014
2014,4,Capital Federal,114.9,455.785,840.224,17.155,1.962,15.394,3950441,Oct-Dic 2014
2014,4,Catamarca,25.51,25.192,241,16,- 0,44.0,3950441,Oct-Dic 2014
2014,4,Chaco,21.87,55.024,10.918,31,- 0,62.0,3950441,Oct-Dic 2014
2014,4,Chubut,40.25,48.539,697,891,12.256,6.159,3950441,Oct-Dic 2014
2014,4,Córdoba,54.7,345.157,240.452,419,3.918,486.0,3950441,Oct-Dic 2014
2014,4,Corrientes,23.56,54.754,9.526,40,1.315,75.0,3950441,Oct-Dic 2014
2014,4,Entre Ríos,36.03,112.291,23.027,57,5.178,260.0,3950441,Oct-Dic 2014
2014,4,Formosa,17.96,21.245,4.896,1,- 0,65.0,3950441,Oct-Dic 2014
2014,4,Jujuy,19.6,31.349,4.583,22,37,11.0,3950441,Oct-Dic 2014
2014,4,La Pampa,51.27,16.043,34.281,514,5.894,648.0,3950441,Oct-Dic 2014
2014,4,La Rioja,17.01,16.352,- 0,17,- 0,33.0,3950441,Oct-Dic 2014
2014,4,Mendoza,32.64,151.797,13.030,2.534,31,2.222,3950441,Oct-Dic 2014
2014,4,Misiones,24.16,58.435,18.613,16,150,15.0,3950441,Oct-Dic 2014
2014,4,Neuquén,52.55,47.721,31.778,1.014,11.853,3.03,3950441,Oct-Dic 2014
2014,4,Río Negro,45.48,66.307,23.703,901,3.819,1.53,3950441,Oct-Dic 2014
2014,4,Salta,29.53,76.026,17.289,48,6,578.0,3950441,Oct-Dic 2014
2014,4,San Juan,28.04,48.653,451,740,1.202,1.073,3950441,Oct-Dic 2014
2014,4,San Luis,9.79,11.419,926,355,24,423.0,3950441,Oct-Dic 2014
2014,4,Santa Cruz,27.8,17.553,448,388,4.395,2.929,3950441,Oct-Dic 2014
2014,4,Santa Fe,50.0,335.267,183.009,3.205,6.282,1.634,3950441,Oct-Dic 2014
2014,4,Santiago Del Estero,17.27,34.110,4.231,19,920,37.0,3950441,Oct-Dic 2014
2014,4,Tierra Del Fuego,66.14,21.948,3.664,655,1,2.722,3950441,Oct-Dic 2014
2014,4,Tucumán,35.32,137.093,97,116,13,105.0,3950441,Oct-Dic 2014
2014,3,Buenos Aires,56.75,1.562.533,1.110.628,124.474,20.049,31.881,3478638,Jul-Sept 2014
2014,3,Capital Federal,113.8,450.155,833.402,17.886,1.995,14.387,3478638,Jul-Sept 2014
2014,3,Catamarca,24.71,24.380,244,15,- 0,47.0,3478638,Jul-Sept 2014
2014,3,Chaco,21.11,53.321,10.336,29,1,59.0,3478638,Jul-Sept 2014
2014,3,Chubut,40.6,49.219,668,882,11.853,6.515,3478638,Jul-Sept 2014
2014,3,Córdoba,54.23,340.212,240.334,444,4.064,377.0,3478638,Jul-Sept 2014
2014,3,Corrientes,22.79,52.957,9.184,31,1.312,65.0,3478638,Jul-Sept 2014
2014,3,Entre Ríos,34.98,108.907,22.440,48,5.203,135.0,3478638,Jul-Sept 2014
2014,3,Formosa,17.77,21.021,4.836,- 0,- 0,80.0,3478638,Jul-Sept 2014
2014,3,Jujuy,18.37,30.128,3.541,22,37,13.0,3478638,Jul-Sept 2014
2014,3,La Pampa,55.78,16.051,33.940,538,11.219,677.0,3478638,Jul-Sept 2014
2014,3,La Rioja,16.51,15.864,- 0,14,1,37.0,3478638,Jul-Sept 2014
2014,3,Mendoza,32.31,150.120,13.030,2.512,40,2.222,3478638,Jul-Sept 2014
2014,3,Misiones,23.57,56.933,18.373,4,3,14.0,3478638,Jul-Sept 2014
2014,3,Neuquén,56.4,54.458,30.964,1.000,12.858,3.087,3478638,Jul-Sept 2014
2014,3,Río Negro,46.2,65.264,26.590,888,3.533,1.505,3478638,Jul-Sept 2014
2014,3,Salta,29.22,73.828,18.394,43,109,580.0,3478638,Jul-Sept 2014
2014,3,San Juan,27.85,48.272,451,731,1.199,1.126,3478638,Jul-Sept 2014
2014,3,San Luis,9.71,11.303,925,355,25,438.0,3478638,Jul-Sept 2014
2014,3,Santa Cruz,28.23,17.862,492,385,4.273,3.098,3478638,Jul-Sept 2014
2014,3,Santa Fe,49.2,325.577,183.630,4.407,6.540,733.0,3478638,Jul-Sept 2014
2014,3,Santiago Del Estero,16.49,32.820,3.900,19,768,41.0,3478638,Jul-Sept 2014
2014,3,Tierra Del Fuego,65.69,21.840,3.469,650,1,2.832,3478638,Jul-Sept 2014
2014,3,Tucumán,33.94,131.739,97,117,13,100.0,3478638,Jul-Sept 2014
2014,2,Buenos Aires,55.06,1.568.881,1.025.490,120.008,17.020,33.147,3270816,Abr-Jun 2014
2014,2,Capital Federal,113.14,447.637,828.411,17.729,1.883,14.555,3270816,Abr-Jun 2014
2014,2,Catamarca,24.7,24.380,243,17,- 0,43.0,3270816,Abr-Jun 2014
2014,2,Chaco,20.96,53.321,9.870,30,- 0,58.0,3270816,Abr-Jun 2014
2014,2,Chubut,41.41,51.070,649,866,10.960,6.974,3270816,Abr-Jun 2014
2014,2,Córdoba,53.45,337.825,234.729,351,3.673,374.0,3270816,Abr-Jun 2014
2014,2,Corrientes,22.58,52.883,8.680,31,1.309,55.0,3270816,Abr-Jun 2014
2014,2,Entre Ríos,34.69,108.900,21.706,49,4.795,133.0,3270816,Abr-Jun 2014
2014,2,Formosa,17.54,20.894,4.628,- 0,- 0,78.0,3270816,Abr-Jun 2014
2014,2,Jujuy,18.71,30.128,4.161,23,40,9.0,3270816,Abr-Jun 2014
2014,2,La Pampa,49.71,15.957,32.600,513,5.869,689.0,3270816,Abr-Jun 2014
2014,2,La Rioja,16.5,15.864,- 0,14,- 0,34.0,3270816,Abr-Jun 2014
2014,2,Mendoza,32.1,148.979,13.030,2.480,36,2.282,3270816,Abr-Jun 2014
2014,2,Misiones,23.37,56.933,17.594,4,150,8.0,3270816,Abr-Jun 2014
2014,2,Neuquén,50.84,47.767,29.776,997,10.765,2.983,3270816,Abr-Jun 2014
2014,2,Río Negro,45.33,64.920,24.944,876,3.657,1.56,3270816,Abr-Jun 2014
2014,2,Salta,28.91,73.841,17.504,45,7,577.0,3270816,Abr-Jun 2014
2014,2,San Juan,27.78,48.161,451,722,1.139,1.173,3270816,Abr-Jun 2014
2014,2,San Luis,9.72,11.306,925,354,22,448.0,3270816,Abr-Jun 2014
2014,2,Santa Cruz,29.38,18.956,448,381,4.118,3.266,3270816,Abr-Jun 2014
2014,2,Santa Fe,48.39,324.101,178.495,3.085,6.041,636.0,3270816,Abr-Jun 2014
2014,2,Santiago Del Estero,16.7,32.820,4.231,19,907,34.0,3270816,Abr-Jun 2014
2014,2,Tierra Del Fuego,64.36,21.618,3.008,648,1,2.934,3270816,Abr-Jun 2014
2014,2,Tucumán,33.94,131.740,97,121,13,98.0,3270816,Abr-Jun 2014
2014,1,Buenos Aires,54.57,1.567.685,1.000.879,120.960,16.528,33.824,2984054,Ene-Mar 2014
2014,1,Capital Federal,112.25,445.569,820.161,17.767,1.866,14.555,2984054,Ene-Mar 2014
2014,1,Catamarca,24.25,24.126,46,17,- 0,43.0,2984054,Ene-Mar 2014
2014,1,Chaco,20.72,52.971,9.497,30,- 0,58.0,2984054,Ene-Mar 2014
2014,1,Chubut,41.24,51.066,539,866,10.776,6.974,2984054,Ene-Mar 2014
2014,1,Córdoba,52.52,336.841,225.769,347,3.585,368.0,2984054,Ene-Mar 2014
2014,1,Corrientes,22.32,52.565,8.279,31,1.306,55.0,2984054,Ene-Mar 2014
2014,1,Entre Ríos,34.37,107.883,21.379,49,4.887,133.0,2984054,Ene-Mar 2014
2014,1,Formosa,17.42,20.774,4.548,- 0,- 0,100.0,2984054,Ene-Mar 2014
2014,1,Jujuy,18.42,29.765,4.030,23,- 0,9.0,2984054,Ene-Mar 2014
2014,1,La Pampa,48.43,15.826,31.305,513,5.848,701.0,2984054,Ene-Mar 2014
2014,1,La Rioja,16.29,15.663,- 0,14,- 0,34.0,2984054,Ene-Mar 2014
2014,1,Mendoza,31.91,148.970,12.076,2.480,37,2.282,2984054,Ene-Mar 2014
2014,1,Misiones,23.14,56.597,17.191,4,150,8.0,2984054,Ene-Mar 2014
2014,1,Neuquén,49.79,47.790,28.161,997,10.381,3.051,2984054,Ene-Mar 2014
2014,1,Río Negro,44.91,64.886,24.156,876,3.576,1.572,2984054,Ene-Mar 2014
2014,1,Salta,28.7,73.131,17.538,45,8,568.0,2984054,Ene-Mar 2014
2014,1,San Juan,27.6,48.161,434,722,808,1.173,2984054,Ene-Mar 2014
2014,1,San Luis,9.35,11.306,428,354,21,448.0,2984054,Ene-Mar 2014
2014,1,Santa Cruz,28.94,18.927,100,381,4.092,3.264,2984054,Ene-Mar 2014
2014,1,Santa Fe,47.85,322.662,174.296,3.059,5.951,644.0,2984054,Ene-Mar 2014
2014,1,Santiago Del Estero,16.31,32.567,3.598,19,915,34.0,2984054,Ene-Mar 2014
2014,1,Tierra Del Fuego,63.97,21.618,2.837,648,1,2.934,2984054,Ene-Mar 2014
2014,1,Tucumán,33.42,129.717,83,121,13,98.0,2984054,Ene-Mar 2014
